ID,Event ID,Name,Email,Location,Checked In,Check-in Time
64,gst-J8K9L0M1N2,Abdulkarim Jika,abdulkarim.jika@gmail.com,Bole,No,
36,gst-Z7A8B9C0D1,Abdullahi Abubakar,abdullahi.abubakar@yahoo.com,Mayo Belwa,No,
86,gst-P9Q0R1S2T3,Abdullahi Garba,abdullahi.garba@hotmail.com,Makama A,No,
2,gst-5ezcWzcqJto89jz,Abdullahi Muhammed,abdullahimuhammed7195@gmail.com,"Yola, Adamawa state.",No,
56,gst-V7W8X9Y0Z1,Abubakar Saleh,abubakar.saleh@hotmail.com,Jimeta Ward,No,
30,gst-V6W7X8Y9Z0,Adamu Bello,adamu.bello@yahoo.com,Sabon Layi,No,
54,gst-L7M8N9O0P1,Ahmad Babangida,ahmad.babangida@yahoo.com,Guyuk,No,
98,gst-X9Y0Z1A2B3,Ahmad Bello,ahmad.bello@hotmail.com,Alkaleri West,No,
80,gst-L8M9N0O1P2,Ahmad Hassan,ahmad.hassan@hotmail.com,Wuro Nyibango,No,
8,gst-P6Q7R8S9T0,Ahmed Aliyu,ahmed.aliyu@gmail.com,Dougirei,No,
89,gst-E4F5G6H7I8,Aisha Bello,aisha.bello@hotmail.com,Nassarawo Central,No,
59,gst-K3L4M5N6O7,Aisha Garba,aisha.garba@hotmail.com,Limawa,No,
43,gst-I2J3K4L5M6,Aisha Maina,aisha.maina@gmail.com,Michika,No,
5,gst-A1B2C3D4E5,Aisha Mohammed,aisha.mohammed@gmail.com,Yola North,No,
48,gst-H7I8J9K0L1,Ali Mamman,ali.mamman@yahoo.com,Gombi,No,
20,gst-X6Y7Z8A9B0,Aliyu Baba,aliyu.baba@hotmail.com,Yelwa,No,
66,gst-T8U9V0W1X2,Aliyu Hassan,aliyu.hassan@yahoo.com,Gombe Abba,No,
96,gst-N9O0P1Q2R3,Aliyu Mamman,aliyu.mamman@yahoo.com,Yelwa Central,No,
15,gst-Y1Z2A3B4C5,Amina Abdullahi,amina.abdullahi@yahoo.com,Ajiya,No,
71,gst-S3T4U5V6W7,Amina Jalo,amina.jalo@hotmail.com,Wuro Yero,No,
50,gst-R7S8T9U0V1,Aminu Jalo,aminu.jalo@hotmail.com,Jada,No,
27,gst-G1H2I3J4K5,Asma'u Balarabe,asmau.balarabe@yahoo.com,Ribadu,No,
100,gst-H9I0J1K2L3,Bashir Hassan,bashir.hassan@gmail.com,Jabbi Lamba Central,No,
18,gst-N6O7P8Q9R0,Bashir Yusuf,bashir.yusuf@yahoo.com,Yolde Pate,No,
37,gst-E2F3G4H5I6,Falmata Hassan,falmata.hassan@gmail.com,Bangshika,No,
41,gst-Y2Z3A4B5C6,Fatima Aliyu,fatima.aliyu@hotmail.com,Shelleng,No,
61,gst-U3V4W5X6Y7,Fatima Bello,fatima.bello@gmail.com,Ngurore,No,
85,gst-K4L5M6N7O8,Fatima Jika,fatima.jika@gmail.com,Demsawo,No,
7,gst-K1L2M3N4O5,Fatima Usman,fatima.usman@hotmail.com,Yola South,No,
22,gst-H6I7J8K9L0,Garba Audu,garba.audu@gmail.com,Alkaleri Ward,No,
70,gst-N8O9P0Q1R2,Garba Suleiman,garba.suleiman@gmail.com,Alkaleri Central,No,
99,gst-C4D5E6F7G8,Hadiza Aliyu,hadiza.aliyu@yahoo.com,Wuro Hausa Central,No,
29,gst-Q1R2S3T4U5,Hadiza Mamman,hadiza.mamman@hotmail.com,Wuro Bokki,No,
65,gst-O3P4Q5R6S7,Hadiza Sani,hadiza.sani@hotmail.com,Wuro Patuwal,No,
57,gst-A2B3C4D5E7,Hafsa Ibrahim,hafsa.ibrahim@yahoo.com,Bachure,No,
47,gst-C2D3E4F5G6,Hafsat Ahmed,hafsat.ahmed@hotmail.com,Demsa,No,
75,gst-M3N4O5P6Q7,Hafsat Haruna,hafsat.haruna@yahoo.com,Namtari,No,
51,gst-W2X3Y4Z5A6,Halima Abubakar,halima.abubakar@yahoo.com,Ganye,No,
91,gst-O4P5Q6R7S8,Halima Hassan,halima.hassan@gmail.com,Ajiya Central,No,
17,gst-I1J2K3L4M5,Halima Musa,halima.musa@hotmail.com,Wuro Jabbe,No,
60,gst-P8Q9R0S1T2,Hamisu Yakubu,hamisu.yakubu@yahoo.com,Mbamba Ward,No,
34,gst-P7Q8R9S0T1,Haruna Jika,haruna.jika@gmail.com,Gereng,No,
81,gst-Q3R4S5T6U7,Hauwa Baba,hauwa.baba@yahoo.com,Tella,No,
11,gst-E1F2G3H4I5,Hauwa Garba,hauwa.garba@hotmail.com,Mbamba,No,
35,gst-U2V3W4X5Y6,Hauwa'u Lawal,hauwau.lawal@hotmail.com,Wuro Boki,No,
6,gst-F6G7H8I9J0,Ibrahim Hassan,ibrahim.hassan@yahoo.com,Jimeta,No,
46,gst-X7Y8Z9A0B1,Ibrahim Sadiq,ibrahim.sadiq@gmail.com,Numan,No,
94,gst-D9E0F1G2H3,Ibrahim Usman,ibrahim.usman@gmail.com,Yolde Pate Central,No,
40,gst-T7U8V9W0X1,Isa Garba,isa.garba@gmail.com,Fufore,No,
76,gst-R8S9T0U1V2,Isma'il Garba,ismail.garba@gmail.com,Alkaleri East,No,
24,gst-R6S7T8U9V0,Ismail Tanko,ismail.tanko@yahoo.com,Jabbi Lamba,No,
4,gst-DEF456UVW,Jane Smith,jane.smith@example.com,Another Location,No,
3,gst-ABC123XYZ,John Doe,john.doe@example.com,Test Location,No,
84,gst-F9G0H1I2J3,Kabiru Hassan,kabiru.hassan@yahoo.com,Karewa Central,No,
26,gst-B6C7D8E9F0,Kabiru Suleiman,kabiru.suleiman@hotmail.com,Toungo,No,
77,gst-W3X4Y5Z6A7,Khadija Aliyu,khadija.aliyu@hotmail.com,Wuro Haawa,No,
9,gst-U1V2W3X4Y5,Khadija Bello,khadija.bello@yahoo.com,Karewa,No,
45,gst-S2T3U4V5W6,Khadija Umar,khadija.umar@yahoo.com,Mubi South,No,
93,gst-Y4Z5A6B7C8,Khadijat Bello,khadijat.bello@yahoo.com,Wuro Jabbe Central,No,
53,gst-G2H3I4J5K6,Maimuna Hassan,maimuna.hassan@hotmail.com,Mayo Farang,No,
31,gst-A1B2C3D4E6,Mariam Abdulkarim,mariam.abdulkarim@gmail.com,Wuro Chekke,No,
67,gst-Y3Z4A5B6C7,Mariam Baba,mariam.baba@gmail.com,Wuro Gude,No,
87,gst-U4V5W6X7Y8,Maryam Hassan,maryam.hassan@yahoo.com,Luggere Central,No,
19,gst-S1T2U3V4W5,Maryam Salisu,maryam.salisu@gmail.com,Sangere,No,
92,gst-T9U0V1W2X3,Muhammad Aliyu,muhammad.aliyu@hotmail.com,Bekaji Central,No,
74,gst-H8I9J0K1L2,Muhammad Bello,muhammad.bello@hotmail.com,Gwadabawa Central,No,
38,gst-J7K8L9M0N1,Muhammad Tijjani,muhammad.tijjani@hotmail.com,Lamurde,No,
58,gst-F8G9H0I1J2,Murtala Adamu,murtala.adamu@gmail.com,Kilange,No,
10,gst-Z6A7B8C9D0,Musa Adamu,musa.adamu@gmail.com,Alkaleri,No,
82,gst-V8W9X0Y1Z2,Musa Aliyu,musa.aliyu@gmail.com,Wuro Lainde,No,
73,gst-C3D4E5F6G7,Nafisa Ahmed,nafisa.ahmed@gmail.com,Yelwa Gongoba,No,
25,gst-W1X2Y3Z4A5,Nafisa Umar,nafisa.umar@gmail.com,Makama,No,
39,gst-O2P3Q4R5S6,Rabi'a Yusuf,rabia.yusuf@yahoo.com,Song,No,
69,gst-I3J4K5L6M7,Rahma Umar,rahma.umar@yahoo.com,Wuro Bagga,No,
23,gst-M1N2O3P4Q5,Rukayya Danjuma,rukayya.danjuma@hotmail.com,Wuro Hausa,No,
97,gst-S4T5U6V7W8,Rukayya Hassan,rukayya.hassan@gmail.com,Gwadabawa East,No,
21,gst-C1D2E3F4G5,Safiya Haruna,safiya.haruna@yahoo.com,Gwadabawa,No,
95,gst-I4J5K6L7M8,Safiyyah Hassan,safiyyah.hassan@hotmail.com,Sangere Central,No,
79,gst-G3H4I5J6K7,Sakinah Umar,sakinah.umar@gmail.com,Sangere Shuwa,No,
62,gst-Z8A9B0C1D2,Salihu Usman,salihu.usman@hotmail.com,Damare,No,
28,gst-L6M7N8O9P0,Salisu Gidado,salisu.gidado@gmail.com,Kofare,No,
16,gst-D6E7F8G9H0,Sani Ahmad,sani.ahmad@gmail.com,Bekaji,No,
68,gst-D8E9F0G1H2,Sani Mamman,sani.mamman@hotmail.com,Rumde,No,
55,gst-Q2R3S4T5U6,Sauda Musa,sauda.musa@gmail.com,Yola Ward,No,
42,gst-D7E8F9G0H1,Sulaiman Buba,sulaiman.buba@yahoo.com,Madagali,No,
90,gst-J9K0L1M2N3,Suleiman Umar,suleiman.umar@yahoo.com,Viniklang Central,No,
14,gst-T6U7V8W9X0,Umar Yahaya,umar.yahaya@hotmail.com,Viniklang,No,
1,gst-SHoKlPKV5U1wI9j,Usama Abdulhamid Kambari,abdulhamidusamakambari@gmail.com,Sengere futy,No,
44,gst-N7O8P9Q0R1,Usman Bala,usman.bala@hotmail.com,Mubi North,No,
78,gst-B8C9D0E1F2,Usman Jika,usman.jika@yahoo.com,Doubeli,No,
32,gst-F7G8H9I0J1,Yakubu Ahmadu,yakubu.ahmadu@hotmail.com,Girei,No,
72,gst-X8Y9Z0A1B2,Yakubu Aliyu,yakubu.aliyu@yahoo.com,Sabon Gari,No,
88,gst-Z9A0B1C2D3,Yusuf Aliyu,yusuf.aliyu@gmail.com,Wuro Billi,No,
52,gst-B7C8D9E0F1,Yusuf Bello,yusuf.bello@gmail.com,Toungo Ward,No,
12,gst-J6K7L8M9N0,Yusuf Ibrahim,yusuf.ibrahim@yahoo.com,Nassarawo,No,
33,gst-K2L3M4N5O6,Zahra'u Sadiq,zahrau.sadiq@yahoo.com,Wuro Dole,No,
101,gst-M4N5O6P7Q8,Zainab Bello,zainab.bello@hotmail.com,Makama Central,No,
63,gst-E3F4G5H6I7,Zainab Hassan,zainab.hassan@yahoo.com,Pariya,No,
13,gst-O1P2Q3R4S5,Zainab Suleiman,zainab.suleiman@gmail.com,Luggere,No,
49,gst-M2N3O4P5Q6,Zulaiha Sani,zulaiha.sani@gmail.com,Hong,No,
83,gst-A3B4C5D6E8,Zulaihat Mamman,zulaihat.mamman@hotmail.com,Ribadu Square,No,
